donor_id,name,age,blood_group,city,last_donation_date
04d697c4,Rahul Krishna A,21,A+,kochi,
14043a71,Madhu Pillai,19,O+,ahmedabad,2026-01-30
6235fd52,Smita Bajpai,52,A+,nagpur,2026-02-08
0b9cc230,Divya Mishra,50,AB+,patna,2024-07-18
7f59eb12,Vishal Qureshi,44,A+,vadodara,2026-05-08
11ae844a,Harini Joshi,45,B+,bangalore,2025-06-04
9e951e7c,Sanjay Nair,42,A+,chandigarh,
255f7931,Suresh Srivastava,47,B+,bhopal,2025-07-18
bab7df2f,Lavanya Islam,41,B-,delhi,2025-09-23
c4ffdbee,Indira Bhat,23,O+,kolkata,2025-02-04
bfd3c78c,Madhu Roy,28,B+,pune,
120d5986,Vishal Shukla,59,A+,hyderabad,2025-09-06
81d7f769,Priya Bose,42,A+,patna,2025-06-16
b366b26e,Indira Saxena,21,A+,mumbai,
b853b603,Yash Chaudhari,22,A+,vadodara,
7f661e2e,Aryan Yadav,59,B+,indore,2025-12-23
51d27e82,Lakshmi Bajpai,53,B+,vadodara,2024-09-24
66d3579e,Yash Roy,32,O-,bangalore,2026-02-10
7a1d1536,Girija Singh,25,A+,hyderabad,
d3edb335,Imran Hussain,22,B+,visakhapatnam,
6f4deb6b,Yusuf Mehta,53,O+,chennai,
a8150966,Vivek Shukla,52,O+,lucknow,2025-02-23
1004eb3c,Priya Bose,18,O+,kochi,
b2b9d865,Harini Gupta,50,O+,jaipur,
704869e1,Vijay Hussain,30,A+,hyderabad,2024-11-17
68458d31,Rahul Hussain,38,B+,kolkata,
165c0f6a,Sheela Shah,21,A+,vadodara,
5b303105,Pradeep Srivastava,49,O+,patna,
7c93c3b5,Ajay Dubey,48,O+,hyderabad,2024-08-31
a95d1ca3,Imran Yadav,52,O+,pune,
337788e3,Yash Dubey,59,B+,coimbatore,2025-09-03
433264a6,Anjali Reddy,39,A+,patna,2025-10-01
c470fb83,Rahul Reddy,58,A+,delhi,
f0d4bc1b,Harsh Reddy,50,A+,surat,2025-12-30
87903ae7,Chandni Malik,54,B+,surat,
0c6e2e22,Sunita Iyer,24,AB+,chandigarh,2025-01-21
78c07751,Dolly Singh,59,O-,kolkata,2025-06-01
0412509a,Sanjay Shah,30,A+,indore,2025-11-08
5dafc7da,Hema Bose,33,O+,delhi,2024-10-28
d9f238f0,Manoj Singh,59,O-,chennai,
54c9578d,Girija Shah,28,B+,surat,2025-03-30
22289341,Kiran Joshi,42,A+,bhopal,2025-02-03
486feaee,Usha Mukherjee,53,AB-,surat,2025-07-15
bec34b14,Divya Singh,55,O+,mumbai,
646d09df,Kiran Singh,55,B+,coimbatore,2024-12-10
f7354ddc,Pradeep Gupta,22,AB+,ahmedabad,2024-10-08
554fe560,Lakshmi Ahmed,56,A+,delhi,2024-09-24
c649661c,Dilip Sheikh,38,O+,pune,
52c9ad32,Aryan Shah,34,B+,jaipur,2026-03-01
b2966fce,Arjun Bose,57,O-,kolkata,2025-10-08
de635568,Vijay Mehta,26,O+,delhi,
1acbdd82,Sachin Bhat,28,B+,patna,
477055dc,Jyoti Pandey,51,A+,patna,2024-07-04
64a99328,Sanjay Menon,34,A+,kolkata,
43b0f749,Girish Chaudhari,36,AB+,lucknow,2024-08-03
31969252,Bhavana Ansari,49,A+,mumbai,2025-03-07
602e4614,Hema Patel,18,B+,bangalore,
4105cf61,Bhavana Joshi,46,B-,nagpur,2026-01-20
43897b82,Dinesh Tripathi,27,B+,chandigarh,2025-12-14
095f8d5e,Mohsin Menon,20,A-,mumbai,
aebc54a8,Neha Shukla,33,AB-,chandigarh,
c78f4158,Zaid Islam,27,O+,ahmedabad,
403981df,Deepa Chakraborty,19,A+,lucknow,
4fd00209,Zaid Dubey,33,A+,kolkata,2026-04-05
8c217b05,Ritesh Mishra,30,O+,indore,2025-09-23
5e8a35a3,Anjali Sharma,60,A+,lucknow,2026-03-04
77cba2d2,Indira Chaudhari,40,AB+,bhopal,
e9ffbec8,Zubair Banerjee,19,A+,kochi,2025-08-16
3d8fff3b,Amit Iyer,56,B+,lucknow,2024-12-07
2f27860b,Vivek Sen,54,A+,mumbai,
bf3c79e0,Rahul Sheikh,52,O+,pune,2026-03-04
e0341e6f,Rakesh Banerjee,57,A-,kolkata,
19d45264,Asha Ansari,37,AB-,lucknow,2025-07-16
700c6b6e,Bharat Menon,30,B+,bhopal,
49bcf7da,Deepa Islam,54,A-,patna,
2fcc3237,Asha Bhat,31,B+,vadodara,
9d79754a,Dev Bose,46,B+,pune,2025-11-22
81e11fbd,Preethi Nair,36,B+,visakhapatnam,2025-09-16
ab1b319f,Smita Rao,32,O+,bangalore,2025-09-06
f5a90141,Ritesh Islam,22,B+,vadodara,2025-04-16
e1004f17,Uday Ghosh,33,A+,chennai,
992f95a1,Indira Iyer,45,A+,coimbatore,2024-10-21
1142a564,Lakshmi Pillai,47,A+,indore,
a03e22fb,Chirag Hussain,38,O+,indore,
c6cae74b,Chandni Ansari,45,O+,patna,2025-12-03
3a1019a9,Fatima Khan,46,A+,ahmedabad,
ba19acda,Hema Saxena,51,B+,ahmedabad,2026-02-24
8c0828cd,Bhumi Bhat,33,A+,lucknow,
bf3ec7c8,Pradeep Menon,27,A+,bangalore,
da36dc70,Anil Chakraborty,44,B+,indore,2025-10-15
cc975ce5,Farhan Sen,55,O+,chennai,
19b676ab,Harini Malik,42,B+,chandigarh,2025-04-10
7abaf7ec,Farhan Qureshi,52,O+,ahmedabad,2025-08-08
9a1451f9,Mohsin Ali,19,B+,bhopal,
23c62bf1,Qasim Menon,57,B+,bhopal,2024-07-05
f873a20d,Rohan Nair,59,B+,indore,2025-08-21
0ed6061b,Tarun Chatterjee,31,B+,lucknow,
3714b040,Tarun Chaudhari,44,A+,delhi,2024-11-08
1bb2b26a,Ravi Das,32,AB+,mumbai,
26e69a12,Lakshmi Verma,19,AB+,ahmedabad,2024-06-28
